#	Voornaam	Achternaam	Team	Prijs	Etappe	Geel	Groen	Bolletjes	Totaal	RoR	Stop	# actief	# reserve
1	Tadej	Pogacar	UAE Team Emirates – XRG	30.6M	306	229	13	89	637	20.8		54	0
2	Remco	Evenepoel	Red Bull – BORA – hansgrohe	15.1M	259	179	3	12	453	30.0		16	0
3	Isaac	Del Toro	UAE Team Emirates – XRG	13M	216	142	9	0	367	28.2		35	0
4	Paul	Seixas	Decathlon CMA CGM Team	14.8M	190	121	0	12	323	21.8		22	0
5	Jonas	Vingegaard	Team Visma | Lease a Bike	22.3M	125	94	7	34	260	11.7	15	22	0
6	Mads	Pedersen	Lidl - Trek	10.7M	157	0	102	0	259	24.2		19	0
7	Richard	Carapaz	EF Education - EasyPost	7.8M	163	39	0	52	254	32.6		15	4
8	Jasper	Philipsen	Alpecin - Premier Tech	12.2M	182	0	60	0	242	19.8		34	0
9	Juan	Ayuso	Lidl - Trek	11.5M	124	111	0	0	235	20.4		13	0
10	Lenny	Martinez	Bahrain - Victorious	6.7M	141	67	0	13	221	33.0		15	1
11	Mattias	Skjelmose	Lidl - Trek	6.9M	156	64	0	0	220	31.9		7	0
12	Biniam	Girmay	NSN Cycling Team	8.9M	127	0	62	0	189	21.2		11	6
13	Olav	Kooij	Decathlon CMA CGM Team	10M	168	0	9	0	177	17.7		6	12
14	Tobias Halland	Johannessen	Uno-X Mobility	8.1M	145	28	0	2	175	21.6		16	12
15	Tom	Pidcock	Pinarello Q36.5 Pro Cycling Team	8.9M	124	43	0	2	169	19.0		12	19
16	Tim	Merlier	Soudal Quick-Step	11.3M	137	0	20	0	157	13.9	15	7	0
17	Max	Kanter	XDS Astana Team	4.2M	109	0	34	0	143	34.0		20	0
18	Florian	Lipowitz	Red Bull – BORA – hansgrohe	14.3M	103	30	0	0	133	9.3	16	22	0
19	Jordan	Jegat	TotalEnergies	4M	73	32	0	0	105	26.3		5	1
20	Huub	Artz	Lotto Intermarché	1.6M	100	0	0	0	100	62.5		1	0
21	Sepp	Kuss	Team Visma | Lease a Bike	5.2M	64	26	0	7	97	18.7		2	5
22	Mauro	Schmid	Team Jayco AlUla	3.2M	95	0	0	0	95	29.7		10	0
23	Mathieu	Van Der Poel	Alpecin - Premier Tech	9.2M	92	0	0	0	92	10.0		15	2
24	Milan	Fretin	Cofidis	3.6M	91	0	0	0	91	25.3		31	0
25	Clement	Russo	Groupama - FDJ United	1.7M	88	0	0	0	88	51.8		4	0
26	Rick	Pluimers	Tudor Pro Cycling Team	2.2M	86	0	0	0	86	39.1		1	0
27	Soren	Waerenskjold	Uno-X Mobility	4.6M	86	0	0	0	86	18.7		16	2
28	Anthony	Turgis	TotalEnergies	2.8M	76	0	0	0	76	27.1		10	0
29	Yannis	Voisard	Tudor Pro Cycling Team	1.5M	44	30	0	0	74	49.3		12	3
30	Quinn	Simmons	Lidl - Trek	3.2M	48	16	2	0	66	20.6		7	0
31	Raul	Garcia Pierna	Movistar Team	2.5M	59	0	0	7	66	26.4		2	0
32	Valentin	Paret-Peintre	Soudal Quick-Step	4.1M	23	0	0	42	65	15.9		10	0
33	Sean	Quinn	EF Education - EasyPost	1.5M	30	28	0	0	58	38.7		6	0
34	Michael	Matthews	Team Jayco AlUla	5.1M	56	0	0	0	56	11.0		2	2
35	Alex	Baudin	EF Education - EasyPost	2.3M	29	0	0	23	52	22.6		23	0
36	Pascal	Ackermann	Team Jayco AlUla	5.7M	52	0	0	0	52	9.1	20	1	2
37	Harold	Tejada	XDS Astana Team	3.6M	49	0	0	0	49	13.6		7	0
38	Davide	Piganzoli	Team Visma | Lease a Bike	7M	22	26	0	0	48	6.9		2	0
39	Filippo	Ganna	Netcompany INEOS	3.8M	38	7	0	0	45	11.8		1	0
40	Nicolas	Prodhomme	Decathlon CMA CGM Team	3M	14	20	0	10	44	14.7		0	0
41	Pablo	Castrillo	Movistar Team	3.5M	44	0	0	0	44	12.6		5	1
42	Egan	Bernal	Netcompany INEOS	6.5M	27	12	5	0	44	6.8		1	0
43	Ilan	Van Wilder	Soudal Quick-Step	3.3M	43	0	0	0	43	13.0	20	19	0
44	Jai	Hindley	Red Bull – BORA – hansgrohe	8.2M	18	22	0	0	40	4.9		4	2
45	Ramses	DeBruyne	Alpecin - Premier Tech	1.5M	32	6	0	0	38	25.3	13	3	4
46	Kevin	Vauquelin	Netcompany INEOS	8.1M	38	0	0	0	38	4.7		6	2
47	Pavel	Bittner	Team Picnic PostNL	4.9M	36	0	0	0	36	7.3		4	1
48	Tiesj	Benoot	Decathlon CMA CGM Team	2.2M	15	18	0	0	33	15.0		2	0
49	Matteo	Jorgenson	Team Visma | Lease a Bike	7.9M	33	0	0	0	33	4.2		4	0
50	Fernando	Gaviria	Caja Rural - Seguros RGA	5M	32	0	0	0	32	6.4	12	1	0
51	Lennert	Van Eetvelt	Lotto Intermarché	5.6M	31	0	0	0	31	5.5		4	7
52	Torstein	Traeen	Uno-X Mobility	4.1M	15	16	0	0	31	7.6	6	0	0
53	Adam	Yates	UAE Team Emirates – XRG	7.3M	29	0	0	0	29	4.0		1	0
54	Thymen	Arensman	Netcompany INEOS	7.7M	28	0	0	0	28	3.6		7	1
55	Dorian	Godon	Netcompany INEOS	4.2M	28	0	0	0	28	6.7		15	1
56	Matej	Mohoric	Bahrain - Victorious	3.1M	27	0	0	0	27	8.7		4	0
57	Brandon	McNulty	UAE Team Emirates – XRG	5.5M	22	0	0	5	27	4.9	18	2	6
58	Phil	Bauhaus	Bahrain - Victorious	5.5M	26	0	0	0	26	4.7		3	1
59	Alex	Molenaar	Caja Rural - Seguros RGA	1.6M	6	0	4	15	25	15.6	5	3	0
60	Jenno	Berckmoes	Lotto Intermarché	2M	25	0	0	0	25	12.5	12	4	0
61	Marco	Frigo	NSN Cycling Team	3.2M	23	0	0	2	25	7.8		4	0
62	Matthew	Riccitello	Decathlon CMA CGM Team	4.5M	23	0	0	0	23	5.1		5	3
63	Mathias	Vacek	Lidl - Trek	4.1M	11	12	0	0	23	5.6		19	1
64	Lewis	Askey	NSN Cycling Team	2.8M	23	0	0	0	23	8.2		2	0
65	Maxim	Van Gils	Red Bull – BORA – hansgrohe	3.1M	23	0	0	0	23	7.4		9	0
66	Nicolas	Breuillard	TotalEnergies	1.5M	22	0	0	0	22	14.7		1	0
67	Clement	Braz Afonso	Groupama - FDJ United	1.5M	21	0	0	0	21	14.0		9	4
68	Jasper	Stuyven	Soudal Quick-Step	3.2M	21	0	0	0	21	6.6		0	0
69	Romain	Gregoire	Groupama - FDJ United	3.5M	17	2	0	0	19	5.4		39	0
70	Mattia	Cattaneo	Red Bull – BORA – hansgrohe	2.6M	19	0	0	0	19	7.3		0	0
71	Fred	Wright	Pinarello Q36.5 Pro Cycling Team	3M	17	0	0	0	17	5.7		8	0
72	Bruno	Armirail	Team Visma | Lease a Bike	2.6M	15	0	0	0	15	5.8		1	0
73	Jenthe	Biermans	Cofidis	2.5M	13	0	0	0	13	5.2		1	0
74	Tim	Wellens	UAE Team Emirates – XRG	3.1M	13	0	0	0	13	4.2		5	0
75	Aaron	Gate	XDS Astana Team	1.5M	13	0	0	0	13	8.7		1	0
76	Joshua	Tarling	Netcompany INEOS	4M	11	0	0	0	11	2.8		2	0
77	Tom	Van Asbroek	NSN Cycling Team	1.7M	11	0	0	0	11	6.5	15	1	0
78	Luke	Plapp	Team Jayco AlUla	3.1M	11	0	0	0	11	3.5		11	0
79	Alexandre	Delettre	TotalEnergies	1.5M	11	0	0	0	11	7.3		2	3
80	Javier	Romo	Movistar Team	4.5M	10	0	0	0	10	2.2		0	0
81	Hugo	Page	Cofidis	2.4M	9	0	0	0	9	3.8		0	0
82	Michael	Valgren	EF Education - EasyPost	2.5M	9	0	0	0	9	3.6		0	0
83	Vlad	Van Mechelen	Bahrain - Victorious	1.5M	8	0	0	0	8	5.3		3	2
84	Felix	Großschartner	UAE Team Emirates – XRG	2.5M	8	0	0	0	8	3.2		1	0
85	Sergio	Higuita	XDS Astana Team	4.2M	8	0	0	0	8	1.9		0	2
86	Stefano	Oldani	Caja Rural - Seguros RGA	2M	7	0	0	0	7	3.5		4	0
87	Alex	Aranburu	Cofidis	3.6M	7	0	0	0	7	1.9		3	1
88	Ion	Izagirre	Cofidis	2.5M	7	0	0	0	7	2.8		10	0
89	Georg	Zimmermann	Lotto Intermarché	2.6M	7	0	0	0	7	2.7		0	0
90	Antonio	Tiberi	Bahrain - Victorious	8.7M	6	0	0	0	6	0.7		0	3
91	Abdel	Balderstone	Caja Rural - Seguros RGA	2M	6	0	0	0	6	3.0		1	0
92	Ewen	Costiou	Groupama - FDJ United	2M	6	0	0	0	6	3.0		1	0
93	Derek	Gee-West	Lidl - Trek	6.5M	6	0	0	0	6	0.9		1	0
94	Frank	Van Den Broek	Team Picnic PostNL	2M	5	0	0	1	6	3.0		6	0
95	Marc	Hirschi	Tudor Pro Cycling Team	3M	6	0	0	0	6	2.0		2	0
96	Einer	Rubio	Movistar Team	4M	5	0	0	0	5	1.3	19	0	0
97	George	Bennett	NSN Cycling Team	2.7M	5	0	0	0	5	1.9		0	0
98	Joris	Delbove	TotalEnergies	1.5M	5	0	0	0	5	3.3		1	2
99	Marco	Haller	Tudor Pro Cycling Team	1.9M	5	0	0	0	5	2.6		0	0
100	Daan	Hoole	Decathlon CMA CGM Team	2.6M	4	0	0	0	4	1.5		0	0
101	Lars	Craps	Lotto Intermarché	1.5M	4	0	0	0	4	2.7	15	0	0
102	Cian	Uijtdebroeks	Movistar Team	7.3M	4	0	0	0	4	0.5	6	5	1
103	Quinten	Hermans	Pinarello Q36.5 Pro Cycling Team	2.4M	4	0	0	0	4	1.7		1	0
104	Felix	Engelhardt	Team Jayco AlUla	1.8M	0	0	1	3	4	2.2		0	0
105	Michael	Storer	Tudor Pro Cycling Team	5.4M	4	0	0	0	4	0.7		3	15
106	Florian	Vermeersch	UAE Team Emirates – XRG	2.4M	4	0	0	0	4	1.7		0	0
107	Kasper	Asgreen	EF Education - EasyPost	2.5M	3	0	0	0	3	1.2		1	0
108	Thibault	Guernalec	TotalEnergies	1.5M	3	0	0	0	3	2.0		0	0
109	Magnus	Cort	Uno-X Mobility	3.1M	3	0	0	0	3	1.0		13	0
110	Joel	Nicolau	Caja Rural - Seguros RGA	1.7M	2	0	0	0	2	1.2		2	0
111	Guillaume	Martin	Groupama - FDJ United	3.8M	2	0	0	0	2	0.5		2	0
112	Ben	O’connor	Team Jayco AlUla	6.8M	2	0	0	0	2	0.3		2	0
113	Mike	Teunissen	XDS Astana Team	2.4M	2	0	0	0	2	0.8		0	0
114	Robert	Stannard	Bahrain - Victorious	1.7M	1	0	0	0	1	0.6		0	0
115	Quentin	Pacher	Groupama - FDJ United	2M	1	0	0	0	1	0.5		1	0
116	Tobias	Foss	Netcompany INEOS	3.5M	1	0	0	0	1	0.3		0	0
117	Brent	Van Moer	Pinarello Q36.5 Pro Cycling Team	1.5M	1	0	0	0	1	0.7		0	1
118	Silvan	Dillier	Alpecin - Premier Tech	1.8M	0	0	0	0	0	0.0		3	0
119	Tim	Marsman	Alpecin - Premier Tech	1.5M	0	0	0	0	0	0.0		2	1
120	Edward	Planckaert	Alpecin - Premier Tech	1.5M	0	0	0	0	0	0.0		2	2
121	Jonas	Rickaert	Alpecin - Premier Tech	2M	0	0	0	0	0	0.0		2	0
122	Emiel	Verstrynge	Alpecin - Premier Tech	2.1M	0	0	0	0	0	0.0		12	0
123	Damiano	Caruso	Bahrain - Victorious	5M	0	0	0	0	0	0.0		1	1
124	Kamil	Gradek	Bahrain - Victorious	2.5M	0	0	0	0	0	0.0		1	0
125	Sebastian	Berwick	Caja Rural - Seguros RGA	1.5M	0	0	0	0	0	0.0		15	7
126	Jakub	Otruba	Caja Rural - Seguros RGA	1.5M	0	0	0	0	0	0.0		0	0
127	Jose Felix	Parra	Caja Rural - Seguros RGA	1.5M	0	0	0	0	0	0.0	17	10	4
128	Piet	Allegaert	Cofidis	2M	0	0	0	0	0	0.0		3	0
129	Alex	Kirsch	Cofidis	1.6M	0	0	0	0	0	0.0		2	0
130	Benjamin	Thomas	Cofidis	2.9M	0	0	0	0	0	0.0		1	0
131	Cees	Bol	Decathlon CMA CGM Team	4.5M	0	0	0	0	0	0.0		0	0
132	Aurelien	Paret-Peintre	Decathlon CMA CGM Team	6M	0	0	0	0	0	0.0		0	12
133	Ben	Healy	EF Education - EasyPost	6.9M	0	0	0	0	0	0.0		10	0
134	Georg	Steinhauser	EF Education - EasyPost	1.8M	0	0	0	0	0	0.0		7	0
135	Max	Walker	EF Education - EasyPost	1.5M	0	0	0	0	0	0.0		0	0
136	Clement	Berthet	Groupama - FDJ United	1.5M	0	0	0	0	0	0.0	1	1	4
137	Lorenzo	Germani	Groupama - FDJ United	1.5M	0	0	0	0	0	0.0		0	0
138	Toms	Skuijns	Lidl - Trek	1.7M	0	0	0	0	0	0.0		6	0
139	Carlos	Verona	Lidl - Trek	2.4M	0	0	0	0	0	0.0		0	0
140	Arnaud	De Lie	Lotto Intermarché	6.1M	0	0	0	0	0	0.0	3	4	0
141	Liam	Slock	Lotto Intermarché	1.5M	0	0	0	0	0	0.0		1	0
142	Baptiste	Veistroffer	Lotto Intermarché	1.5M	0	0	0	0	0	0.0		2	0
143	Jefferson Alveiro	Cepeda	Movistar Team	4.5M	0	0	0	0	0	0.0		0	0
144	Michel	Hessmann	Movistar Team	1.5M	0	0	0	0	0	0.0		0	0
145	Nelson	Oliveira	Movistar Team	2M	0	0	0	0	0	0.0		1	0
146	Michal	Kwiatkowski	Netcompany INEOS	2.7M	0	0	0	0	0	0.0		1	0
147	Matis	Louvel	NSN Cycling Team	1.5M	0	0	0	0	0	0.0		0	2
148	Krists	Neilands	NSN Cycling Team	1.9M	0	0	0	0	0	0.0		2	0
149	Jake	Stewart	NSN Cycling Team	2.7M	0	0	0	0	0	0.0		1	0
150	Xabier Mikel	Azparren	Pinarello Q36.5 Pro Cycling Team	1.5M	0	0	0	0	0	0.0		2	1
151	Chris	Harper	Pinarello Q36.5 Pro Cycling Team	3.2M	0	0	0	0	0	0.0	10	0	0
152	Damien	Howson	Pinarello Q36.5 Pro Cycling Team	1.8M	0	0	0	0	0	0.0		1	0
153	Xandro	Meurisse	Pinarello Q36.5 Pro Cycling Team	1.5M	0	0	0	0	0	0.0		2	7
154	Nico	Denz	Red Bull – BORA – hansgrohe	2.3M	0	0	0	0	0	0.0		0	0
155	Jan	Tratnik	Red Bull – BORA – hansgrohe	2.3M	0	0	0	0	0	0.0		0	0
156	Tim	Van Dijke	Red Bull – BORA – hansgrohe	2.4M	0	0	0	0	0	0.0		2	0
157	Pascal	Eenkhoorn	Soudal Quick-Step	1.5M	0	0	0	0	0	0.0		4	7
158	Dylan	Van Baarle	Soudal Quick-Step	2.2M	0	0	0	0	0	0.0		0	0
159	Bert	Van Lerberghe	Soudal Quick-Step	1.9M	0	0	0	0	0	0.0	6	0	0
160	Louis	Vervaeke	Soudal Quick-Step	1.8M	0	0	0	0	0	0.0		2	0
161	Luke	Durbridge	Team Jayco AlUla	2M	0	0	0	0	0	0.0		2	0
162	Kelland	O'Brien	Team Jayco AlUla	1.7M	0	0	0	0	0	0.0	4	0	0
163	Warren	Barguil	Team Picnic PostNL	2.5M	0	0	0	0	0	0.0		1	0
164	Frits	Biesterbos	Team Picnic PostNL	1.5M	0	0	0	0	0	0.0	12	4	0
165	John	Degenkolb	Team Picnic PostNL	1.5M	0	0	0	0	0	0.0		2	4
166	Robbe	Dhondt	Team Picnic PostNL	1.5M	0	0	0	0	0	0.0		0	0
167	Niklas	Markl	Team Picnic PostNL	1.5M	0	0	0	0	0	0.0		0	0
168	Julius	Van den Berg	Team Picnic PostNL	1.5M	0	0	0	0	0	0.0		2	3
169	Edoardo	Affini	Team Visma | Lease a Bike	2.3M	0	0	0	0	0	0.0	19	0	0
170	Victor	Campenaerts	Team Visma | Lease a Bike	2.5M	0	0	0	0	0	0.0		1	0
171	Per Strand	Hagenes	Team Visma | Lease a Bike	2.2M	0	0	0	0	0	0.0		0	0
172	Mathis	Le Berre	TotalEnergies	1.6M	0	0	0	0	0	0.0		1	0
173	Matteo	Vercher	TotalEnergies	1.6M	0	0	0	0	0	0.0		3	0
174	Julian	Alaphilippe	Tudor Pro Cycling Team	3.8M	0	0	0	0	0	0.0		1	1
175	Arvid	De Kleijn	Tudor Pro Cycling Team	1.5M	0	0	0	0	0	0.0	6	41	3
176	Matteo	Trentin	Tudor Pro Cycling Team	3M	0	0	0	0	0	0.0	9	0	0
177	Nils	Politt	UAE Team Emirates – XRG	2.4M	0	0	0	0	0	0.0		0	0
178	Jonas	Abrahamsen	Uno-X Mobility	4M	0	0	0	0	0	0.0		8	0
179	Anthon	Charmig	Uno-X Mobility	1.9M	0	0	0	0	0	0.0		1	0
180	Anders Halland	Johannessen	Uno-X Mobility	2.3M	0	0	0	0	0	0.0		1	0
181	Anders	Skaarseth	Uno-X Mobility	1.8M	0	0	0	0	0	0.0		0	0
182	Davide	Ballerini	XDS Astana Team	2.5M	0	0	0	0	0	0.0		5	0
183	Simone	Velasco	XDS Astana Team	1.5M	0	0	0	0	0	0.0		8	1
184	Nicolas	Vinokourov	XDS Astana Team	2.1M	0	0	0	0	0	0.0		2	0
